mot; occurrence
efforcent; 1
ont; 30
jusques; 1
réussissait; 1
couvents; 2
quatre; 8
signalé; 1
revenez; 1
manqua; 3
poursuivi; 1
embrassements; 2
pamphlet; 1
estime; 1
propositions; 4
vérité[5; 1
vis-à-vis; 1
jansénius[8; 1
torts; 1
agrandissement; 1
homme; 64
choisi; 1
effrayaient; 1
aimaient; 1
changement; 1
confesser; 1
imprimés; 1
arnauld; 1
demandèrent; 1
pape; 8
confia; 1
obligée; 1
nuire; 1
gîte; 2
roulent; 1
xiii; 1
shakespeare; 2
ramener; 2
vii; 1
principaux; 1
agir; 1
antérieures; 2
tut; 1
résoudre; 1
infortunés; 2
pleurs; 4
astres; 1
gordon; 34
jetterait; 1
pot; 1
condamner; 1
glacé; 1
rectitude; 1
a; 103
difficile; 5
voisin; 1
sonnant; 1
semblaient; 2
joug; 1
flatteuses; 3
obéiront; 1
caprice; 1
méritais; 1
deux; 50
mot; 14
avais; 6
édits[5; 1
insultent; 1
âpreté; 1
pieds; 6
remplis; 2
fermée; 1
pandore; 1
émut; 1
xviii.elle; 1
allez; 3
poignard; 3
convenait; 2
voyant; 2
assouvir; 1
pédagogue; 2
facilement; 1
perd; 3
art; 2
conseille; 1
persécution; 1
prirent; 2
contribué; 1
vieux; 12
capitaine; 8
baissés; 1
satisfait; 3
robes; 1
xi.comment; 1
galant; 1
ravit; 1
exerçait; 1
augmentait; 2
donnés; 1
âme; 26
nouvelles; 2
venez; 2
demi-grands; 1
pudding; 1
lie; 1
reconnaissance; 3
vous[3; 1
maintes; 1
appelaient; 1
écrivit; 3
messager; 1
payer; 1
pleuraient; 2
main; 10
repos; 2
langues; 4
solliciter; 1
fête; 1
monument; 1
fil; 1
jugeait; 1
parurent; 2
écart; 1
surplis; 1
éthiopie; 1
disant; 3
demander; 6
défendit; 1
épargner; 1
extasiant; 1
lier; 1
empressa; 2
entraînée; 1
couru; 1
occupées; 1
chemin; 10
manuscrits; 1
indifférente; 1
vicieux; 1
millions; 1
accouraient; 1
lulli; 1
dispenses; 1
oncle; 26
indifférence; 2
mêlât; 1
étage; 1
chargea; 1
pas; 158
cruel; 2
dehors; 1
dignités; 1
accompagnés; 1
mouvement; 1
avez; 24
oubliait; 1
république; 1
dormait; 3
x; 2
mérite; 2
campagnes; 1
effets; 1
sucre; 1
stupidité; 1
savamment; 1
diminue; 1
demeuré; 2
regardait; 6
lectures; 1
emporté; 1
tombe; 1
irai; 2
jetterai; 1
suit; 2
poésies; 1
guère; 4
charmée; 1
lentement; 1
intelligiblement; 2
canons; 1
rendu; 3
vii.le; 1
partout; 2
embrassé; 1
saint-yves; 122
fables; 3
cause; 8
davantage; 2
généreux; 2
comprendre; 3
infiniment; 2
disputes; 1
portraits; 5
voulut; 4
étrangers; 2
informer; 1
impossible; 3
délivrer; 7
pur; 1
patriarche; 1
écoutaient; 2
jamais; 39
conjura; 1
certainement; 2
reconnaissions; 1
perte; 2
observer; 1
raconta; 2
intéressante; 4
secondement; 1
empresseraient; 1
repousse; 2
fond; 4
dérobait; 1
pressait; 2
profonds; 1
confrères; 2
malebranche; 3
hais; 1
meurt; 2
pareils; 2
dirige; 1
court; 7
largeur; 2
chaussés; 1
déclara; 1
avions; 1
ipse; 1
malheurs; 3
être; 49
raillerie; 1
laisser; 5
petit; 18
mineur; 2
ralliement; 1
directeur; 1
évanouissent; 1
sort; 3
lever; 2
dunstan; 1
gouttes; 3
nouvelle; 3
contés; 1
effrayée; 1
enfermé; 5
rapidité; 1
sait; 7
révolution; 1
connaissances; 1
possédait; 1
forces; 2
pleurant; 4
idée; 7
ravir; 2
soldat; 2
cardinal; 1
retourner; 3
ému; 1
servi; 3
usait; 1
montre; 2
pût; 3
marier; 1
exécration; 1
expliquer; 3
répondait; 3
informa; 1
seule; 5
écarta; 2
ramassait; 1
archevêque; 3
chambre[1; 1
inventaire; 1
rajusta; 1
méritaient; 1
consumé; 2
restèrent; 1
force; 4
commis; 9
puisqu’; 5
écrite; 2
amollir; 1
fine; 1
efforts; 1
cœur; 29
échappait; 1
morfondre; 1
majesté; 3
étais; 2
compte; 3
cas; 1
politesse; 1
touchée; 1
soir[1; 1
élevée; 2
baptisé; 12
caton; 1
petites; 3
résolution; 2
sûres; 1
mécanique; 1
belloy; 1
passion; 2
devint; 4
chargé; 1
familière; 1
conduisit; 1
aurons; 1
lu; 8
progrès; 4
suspendues; 1
bonnet; 1
était; 184
fabriques; 1
appartenait; 3
vendre; 2
demanda; 13
espérer; 2
miniatures; 1
réussirait; 1
mortel; 1
trouvât; 1
oublia; 2
impuissantes; 1
petits; 5
protestations; 1
opprobre; 1
retomba; 1
revînt; 1
commune; 1
espérances; 3
répandaient; 1
montrez; 1
reçu; 3
manie; 1
augure; 1
coche; 2
offrirent; 1
autrefois; 1
monuments; 1
abord; 6
demi-pied; 1
hérétique; 1
tenez; 1
voilà; 12
réflexion; 7
soyez; 5
semblent; 1
tendre; 9
ajouta; 1
venu; 5
égarés; 2
récollet; 4
inutile; 1
comblez; 1
essaye; 1
sujet; 2
antichambre; 4
édition; 1
regardaient; 1
circoncis; 1
riait; 1
mamelle; 1
méditerranée; 1
énormes; 1
poings; 1
remède; 3
peines; 1
saine; 1
prodigua; 1
onze; 1
suffoquée; 1
persécutés[3; 1
ferait; 3
illusion; 2
si; 7
passa; 3
théologiens; 1
grossiers; 1
plutôt; 3
telle; 3
arrêter; 1
protesta; 1
crainte; 1
étonna; 1
faydit[8; 1
traduit; 1
genou; 1
expédier; 1
poussé; 1
terre; 13
géométrie; 2
contemplant; 1
mendiants; 1
maroquin; 1
nécessité; 1
toujours; 35
intention; 1
réfléchissant; 2
trois; 7
expliqués; 1
douloureux; 1
ressemble; 1
suivait; 1
communauté; 1
340; 1
réponde; 1
dira; 1
désastres; 1
horizon; 1
iii; 2
débauche; 1
avait; 151
semaine; 1
xi; 2
métaphysique; 2
jura; 2
comment; 28
citrons; 1
porte; 12
comté; 4
servir; 4
sabbatines; 1
lis; 1
brûler; 4
marmontel; 2
typhon; 1
nuptiale; 1
vôtre; 2
reviendrai; 1
catastrophe; 1
avoir; 35
sèche; 1
égarements; 1
porteurs; 2
prenez; 1
campagne; 2
cru; 3
arrivées; 1
échappèrent; 1
compagne; 3
moindre; 2
patron; 6
massue; 1
condamnées; 1
firent; 6
parcoururent; 1
teint; 1
voudrez; 2
bon; 23
reine; 3
échauffa; 1
xiv.progrès; 1
lieutenance; 1
septimius; 1
monter; 1
mille; 10
allèrent; 1
alarmé; 1
ferme; 1
soumis; 1
ira; 1
quatre-vingt-dix; 1
comptant; 2
bienfaiteur; 2
jeunesse; 6
molinisme; 1
héritiers; 1
adorait; 3
semblables; 2
sécrétion; 1
persécuter; 1
cruellement; 1
moins; 19
salué; 1
organes; 4
xx.la; 1
savez; 2
sot; 3
gloire; 5
voix; 4
dévot; 1
revenants; 1
entretienne; 1
tu; 3
dragons; 2
compatriotes; 2
passe; 3
sol; 1
plein; 2
mélange; 2
tout-à-tous; 6
reproche; 1
exposée; 2
revue; 1
étonné; 7
revenait; 1
hostilité; 1
sacrement; 2
questions; 6
ah; 20
promené; 1
servante; 1
relisait; 1
régnant[5; 1
paris; 17
privilèges; 1
ramené; 1
jacques; 2
maudit; 1
huguenots; 5
attention; 3
confirmé; 1
salle; 1
arts; 2
demain; 2
besoin; 5
secrets; 1
sous-diaconat; 1
pensant; 3
recommandant; 1
séparés; 1
achevez; 2
employer; 1
partir; 2
grec; 2
phèdre; 1
frémir; 1
mande; 1
réuni; 2
dispense; 1
lui; 3
cotonné; 1
confiance; 3
empêcher; 1
fallait; 8
émigration; 1
goûter; 1
réveillait; 1
générales; 1
loin; 10
ingénu[1; 1
incapable; 1
pécheraient; 1
compresse; 1
colère; 4
maturité; 1
volonté; 2
vues; 2
referma; 1
bouleversaient; 1
pecoris; 1
pleinement; 1
césar; 2
école; 1
longtemps; 9
commodité; 1
assura; 2
ronde; 1
portèrent; 1
aimé; 4
imparfaites; 1
dérange; 1
chéri; 1
libre; 4
barbares; 1
parfaitement; 2
rebute; 1
dur; 1
dirais; 1
ribadeneira; 1
pourrions; 1
médecine; 2
plaisir; 9
proposé; 2
aller; 12
excellent; 2
bouche; 2
alarmèrent; 1
pourquoi; 15
retira; 1
mêlé; 2
brevet; 2
régiments; 1
audiences; 2
cachait; 2
commandant; 5
vains; 1
languit; 2
harlay; 2
étranges; 1
vertu; 12
juillet; 1
querelle; 1
remarquer; 2
fin; 5
sacrifient; 1
avertit; 1
arrivée; 2
sentit; 4
incertitudes; 1
fontenelle; 1
put; 3
employa; 1
hontan; 1
termes; 2
connu; 5
goût; 5
remettrai; 1
dénigrent; 1
providence; 4
astronomie; 1
conservation; 1
nourrice; 4
périodiques; 1
charmés; 1
longues; 1
perplexités; 1
donné; 16
suis; 27
tremblèrent; 1
écria; 9
amadis; 1
aidé; 1
répliqua; 7
consolations; 1
jamaïque; 1
invincible; 1
courut; 2
passants; 2
kehl; 3
lettre; 16
combattra; 1
prend; 1
chassés; 2
henriiv; 1
retombé; 1
agit; 3
infortuné; 4
insupportable; 2
conseils; 1
refuse; 2
promettait; 2
attiré; 1
expire; 2
xxxvii; 2
angleterre[1; 1
partageaient; 1
hector; 1
nicole; 1
inimitié; 1
voulez; 6
guillaume; 2
arracher; 1
peignissent; 1
rapides; 1
appuyait; 1
éloge; 1
années; 2
savait; 15
sauver; 2
sous-ministre; 4
droiture; 1
introduisit; 1
ensuite; 4
verrata; 1
aisément; 2
rois; 5
vice; 1
mercure; 1
frère; 37
impression; 2
affaire; 5
tuait; 1
chimique; 1
serrait; 1
serai; 2
donnée; 1
remontra; 2
air; 7
fâcha; 1
enfermer; 1
pénibles; 1
milice; 2
signifient; 1
importante; 1
tambour; 1
auquel; 1
madame; 3
ordinaire; 5
aurez; 1
vieille; 1
séparément; 1
intimidée; 1
scythie; 1
note; 3
roula; 1
lèvres; 1
disait; 31
condition; 1
chef; 4
danger; 3
serrant; 1
abordent; 1
ami; 8
joyeuse; 1
douceur; 2
composé; 2
toilette; 1
adoré; 1
entrer; 4
enseigna; 1
bruits; 1
voisins; 4
marchand; 1
familles; 4
infinité; 1
anciennes; 1
décence; 2
essuyait; 1
fournit; 1
bureaux; 1
quart; 1
vraie; 1
recevoir; 2
port-royal; 1
sectes; 1
loué; 1
accoutumé; 2
548; 1
parent; 1
contraires; 1
compara; 1
engendré; 1
produit; 1
essayer; 1
insensiblement; 1
plymouth; 3
brûlé; 1
vingt-deux; 1
amortie; 1
↑; 48
terribles; 1
ans; 17
affreux; 3
laborieusement; 1
résignerai; 1
défendu; 2
appela; 2
nigaud; 1
succombe; 2
tombeau; 2
vicomté; 1
plus; 136
manteaux; 1
clergé; 1
brièveté; 1
marée; 1
conçus; 1
flots; 1
passionnément; 2
engourdissement; 1
paraissent; 1
éprouvèrent; 1
oiseux; 1
hélas; 5
comble; 2
jouissance; 1
appelé; 1
égard; 1
mâle; 1
joie; 18
morales; 1
paru; 3
autant; 12
verrous; 3
mauvais; 2
loisir; 2
favorise; 1
amollit; 1
système; 1
découverte; 2
débattue; 1
esprits; 2
bas-bretons; 2
concours; 2
prodiges; 2
essentielle; 1
aurait; 16
récompenses; 1
bonheur; 7
actions; 2
complice; 1
enterrer; 2
questionneur; 1
intérieur; 1
emploierai; 1
frappait; 1
donnerait; 1
faites; 9
chaise; 14
pénitent; 1
interrogations; 1
tenir; 3
vilain; 2
effaçait; 2
allument; 1
midi; 1
qu’; 42
punch; 1
contents; 1
prendrai; 1
rencontrèrent; 3
présents; 1
étancher; 1
ridicule; 5
château; 2
instruire; 2
qualité; 1
oui; 2
croyons; 1
poste; 3
prit; 11
coutelas; 1
gémir; 2
jugements; 1
commencer; 2
parvenir; 1
respect; 3
cuisines; 1
immense; 1
vola; 1
languissante; 1
balança; 1
différente; 1
1762; 1
promesse; 1
nombre; 2
entra; 4
louer; 1
couvent; 13
répandit; 2
terrible; 3
donnez; 4
porter; 1
foi; 1
armagnac; 2
lieu; 6
restent; 1
abîme; 3
ennui; 1
réfléchi; 2
seulement; 2
briser; 1
sauvant; 1
combattre; 1
entendit; 3
pointe; 1
faiblesse; 3
confondu; 2
précieuses; 1
croyais; 1
diverses; 1
âmes; 6
hâte; 1
sphères; 1
vertueuse; 3
sujets; 1
réponses; 2
bourreaux; 1
multiplicité; 1
jupiter; 1
devait; 13
encadrée; 1
démons; 1
racontait; 1
accompagna; 1
flatte; 1
missionnaire; 1
content; 2
résolu; 1
chant; 2
usages; 3
nihil; 1
continent; 1
gorge; 1
commanderez; 1
passerez; 1
prescrire; 1
éléments; 2
regrets; 3
clameurs; 1
trouvait; 2
laissent; 1
palais; 1
mystique; 1
b; 6
prétends; 1
versant; 2
paraissaient; 2
celui; 1
blessures; 1
chevet; 1
enthousiasme; 1
candace; 2
enveloppait; 1
arrivés; 2
louisxv; 2
soupçonnés; 1
physique; 3
montrer; 1
défie; 1
rapporte[1; 1
xiv; 3
contr’; 3
envoya; 2
renommée; 1
retentir; 1
souvenir; 1
peut; 19
digne; 4
osiris; 1
bénitier; 1
divines; 1
gouverneur; 3
militaires; 1
chignon; 1
ai; 55
ouvrant; 1
relief; 1
matin; 1
1764; 1
captivité; 2
ressemblant; 1
provinces; 1
réunissaient; 1
informée; 1
innocente; 1
festins; 1
barbades; 2
dépeignit; 1
entière; 2
demi; 1
regarder; 4
passerait; 1
écrire; 2
entouré; 1
aussi; 27
déployait; 1
changea; 1
voisines; 1
pénitentes; 1
prélats; 1
partaient; 1
feu; 5
historiquement; 1
rapporte; 1
lin; 1
monde; 20
politesses; 1
cours; 2
naturelle; 4
dame; 5
attendre; 2
rapprochaient; 1
amoureux; 3
1689[2; 1
éveilla; 1
cheveux; 1
feront; 1
partager; 1
attaqué; 1
afin; 1
audience; 4
froide; 1
suivies; 1
favorable; 2
parlez; 2
souffrances; 1
adressât; 1
données; 1
valaient; 1
benêt; 2
chroniqueurs; 1
jour; 17
bonds; 1
tour; 5
morale; 2
révérence; 6
remontrances; 1
entr’ouvrir; 1
inutilités; 1
écrivez; 1
danser; 1
obéir; 1
vaut; 1
vaine; 1
paraissait; 5
moquait; 1
écouter; 1
étude; 1
gobelet; 2
faute; 1
hauts; 2
aventurier; 1
quitterais; 1
agitaient; 1
salue; 1
enfance; 4
solitaire; 1
solliciteurs; 1
bleu; 1
souper; 9
bonnes; 5
rejette; 1
compagnons; 1
tendresse; 7
exclut; 1
naïveté; 3
présent; 9
meaux; 2
machines; 1
touchante; 1
compare; 1
caractère; 6
robe; 1
drapiers; 1
liés; 1
piquée; 1
conduit; 1
honneurs; 3
apédeutes; 2
confesseurs; 1
positive; 1
vînt; 1
amas; 1
diamants; 7
vengeance; 1
rarement; 2
déclarée; 1
mari; 11
aiment; 1
libéral; 1
regard; 1
soit; 9
guerrier; 1
chercher; 4
vadbled; 3
seuls; 1
précédemment; 1
tragédie; 1
lire; 5
patrie[2; 1
amenai; 1
adieu; 1
détestait; 1
théologie; 2
prier; 2
intrépide; 3
aisé; 2
ambassadrice; 1
fondant; 1
sûr; 3
oracles; 1
marchait; 1
vi; 1
janséniste; 19
toute; 28
parlé; 8
galantes; 1
ordres; 2
naissance; 2
onction; 1
articulant; 1
meurs; 1
canaux; 1
pouvait; 11
tirerons; 1
averti; 1
second; 1
intime; 1
brisés; 1
congé; 1
repousser; 1
accord; 4
charmant; 1
soutenait; 1
étrangère; 1
questionner; 1
491; 1
contredits; 1
ingénieux; 1
reverra; 1
loua; 1
regardée; 1
figure; 2
véritable; 1
tira; 1
haïssant; 1
insultante; 1
bastille; 4
cœurs; 5
relevait; 1
élèvent; 1
sensibilité; 1
eurent; 2
cerfs; 1
manière; 5
déplorer; 1
converties; 1
conquête; 1
possible; 5
poitrine; 2
assurer; 1
embrassaient; 1
croiriez; 1
liens; 1
paix; 1
répartit; 1
pensions; 1
baignèrent; 1
entier; 1
g; 4
aime; 5
frémissements; 1
large; 2
édits; 4
extrême; 2
répond; 1
non-seulement; 4
satellites; 2
dû; 1
climat; 1
lorsqu’; 6
repentir; 1
confessez; 2
serein; 1
honte; 4
aimée; 1
pouvoir; 12
retrouvé; 1
pauvre; 7
voulait; 5
apprennent; 2
jouissait; 1
aimer; 2
florentines; 1
mieux; 7
descend; 1
déterminer; 1
accourut; 3
fantaisie; 1
traite; 1
rentrant; 1
habité; 1
palpitait; 1
fixait; 1
terrassai; 1
attentivement; 2
originel; 1
répondre; 1
présumer; 1
mois; 5
couverts; 1
maladie; 5
doutait; 1
huronie; 4
sollicite; 1
délicatesse; 1
révocation; 3
coulpe; 1
euryte; 1
inhumaine; 1
défié; 1
temps; 22
éclatait; 1
couleur; 1
exprès; 2
tentations; 1
fastueuses; 1
tremper; 1
côtés; 2
plaindre; 3
renversée; 1
incompatible; 1
plains; 2
tartufes; 1
quelquefois; 8
serrer; 1
usage; 3
draps; 1
mauvaise; 1
roseaux; 2
57; 1
dites; 5
réitérées; 1
tâcha; 1
produisait; 1
rareté; 1
instant; 1
approcha; 1
fortement; 1
donnait; 3
bras; 6
grands; 11
monseigneur; 7
infernal; 1
longue; 3
secourable; 1
passager; 1
sortilèges; 1
brillante; 2
iphigénie; 2
parlaient; 4
sollicitées; 1
vaste; 1
fleur; 1
enchantée; 1
océan; 1
virgile; 2
corrigeant; 1
récompense; 3
regarda; 2
poison; 1
gentilhomme; 1
enfoncé; 1
sottise; 2
humides; 1
patriam; 1
prétextant; 1
embrassant; 2
élus; 1
extraordinaire; 2
cousin; 2
avouerai; 1
civilité; 1
seront; 1
privent; 1
tournelles[2; 1
soudain; 1
emmena; 1
opprimé; 2
habile; 1
filleul; 2
justice; 3
utiles; 2
pudeur; 1
ait; 15
tous; 58
tendres; 6
prison; 8
chimériques; 1
destiné; 2
bordent; 1
renchérirait; 1
parait; 1
xiii.la; 1
cherchait; 1
dangereuse; 1
portes; 1
précieuse; 1
baptiserons; 3
vint; 6
disparaît; 1
promesses; 6
service; 3
puisque; 1
textuelle; 1
guyon; 2
anglais; 27
ordre; 7
image; 2
cachée; 2
chasser; 2
vigoureuse; 1
irlande; 2
prononcé; 1
versailles; 17
situation; 3
tromper; 1
iii.le; 1
communs; 1
courriers; 1
déménageaient; 1
congédia; 1
œchalie; 1
demoiselle; 4
censure; 2
huron; 51
croiset; 1
1759; 1
pilate; 1
habileté; 1
saint-père; 1
arrivé; 4
sacrifie; 1
essenten; 1
soutenu; 1
coupable; 1
saisis; 1
marraine; 10
attendrissement; 4
consolée; 2
barbe; 4
journée; 2
effarés; 1
impitoyablement; 1
amours; 2
vinrent; 1
pensée; 3
mllede; 3
cou; 2
nuit; 6
ontario; 1
apprendrai; 1
éclata; 1
bâtir; 1
hardi; 1
trouvée; 1
charlesii; 1
i.comment; 1
fezensac[9; 1
vue; 7
créé; 1
mourir; 2
dévorante; 1
adorant; 1
pensa; 1
m.gordon; 1
présence; 2
prise; 1
contrée; 1
prêtres; 2
bretagne; 2
importait; 1
treize; 1
envoyait; 1
revint; 1
puni; 1
gagna; 1
fils; 18
mis; 5
alors; 17
voudrait; 2
flattait; 2
journées; 1
accusé; 1
soir; 4
contente; 1
rétribution; 1
espéré; 1
romaine; 1
an; 3
mouraient; 1
doux; 3
rance[3; 1
mitoyen; 1
prévenu; 1
frégate; 1
pendants; 2
agissait; 3
victoire; 1
biscuit; 1
trouva; 7
médecin; 3
tonnerre; 1
sacrifice; 1
devinrent; 1
révérences; 2
résultât; 1
laisse; 2
maintien; 1
…; 2
idole; 1
mourant; 1
répétait; 2
détester; 1
affection; 1
suprême; 1
aura; 2
considérables; 1
entendus; 1
alla; 10
furieux; 4
discrètement; 2
phrygie; 1
redoubla; 1
croit; 2
prouver; 2
loi; 10
soin; 1
consolé; 1
canton; 3
descartes; 1
innocence; 1
réservait; 1
recommença; 1
cultivent; 1
apprirent; 1
cherchèrent; 1
parut; 5
trouvé; 3
vont; 3
dirent; 1
saint-malo; 6
saumur; 4
charmante; 2
peindre; 2
curieux; 1
plancher; 1
gentilshommes; 1
trompa; 1
voici; 6
là; 21
mépris; 1
voyait; 4
demande; 4
ajustements; 1
compliments; 1
tirer; 4
prises; 1
suivi; 2
pompeux; 1
attachée; 2
mondain; 1
est; 191
candi; 1
humiliée; 1
présenté; 2
avance; 1
brunswick; 1
gueux; 1
retiens; 1
autres; 22
têtu; 1
demandait; 3
fâche; 1
porterais; 1
charlesv; 1
maison; 13
mains; 5
honorables; 1
élancé; 1
voyez; 12
francus; 1
changé; 6
consoler; 2
saint-pouange; 23
écoulait; 1
allé; 1
villages; 1
amis; 3
surpris; 3
ailleurs; 2
uns; 3
inutilement; 2
galante; 1
lieux; 2
apparence; 1
demeure; 2
fameux; 2
étonnée; 1
bénéficier; 1
lecture; 1
messe; 1
faite; 3
transporté; 1
nager; 1
xix.le; 1
déposer; 2
avoue; 4
immenses; 1
voyage; 6
trompe; 1
discrétion; 2
avertis; 1
arrivaient; 1
tandis; 7
mondes; 2
grammaire; 1
emblème; 1
intérêts; 3
consolation; 6
fugimus[1; 1
construire; 1
débarquent; 1
pensez; 3
allégorie; 1
merveilleux; 1
recluse; 1
tenait; 5
remontrer; 1
immonde; 1
permise; 1
soupe; 2
soupira; 2
vengent; 1
endurci; 1
comtesse; 1
lettres; 6
noble; 5
captifs; 5
partagés; 1
fâcheuses; 1
perçants; 1
maxime; 1
sortit; 2
inventeur; 1
mourante; 1
répand; 1
messieurs; 7
agrandit; 1
imposant; 2
poursuivait; 1
étonne; 1
ressemblait; 2
empressait; 1
aperçurent; 1
attachés; 2
tire; 1
rage; 1
coups; 2
contrats; 1
compliment; 1
philosophe; 1
pardonnait; 1
chirurgien; 1
console; 1
inquiet; 1
cacher; 1
accent; 1
xviiesiècle; 1
mena; 1
vérité; 13
pauvres; 1
fâché; 2
prodigués; 1
russe; 1
tourmenter; 1
brute; 1
fezensac; 2
ravager; 1
habitation; 1
périr; 1
virginie; 1
baptisait; 1
donnent; 1
tafia; 1
présentera; 1
peuple; 3
52; 1
servantes; 1
suffoquait; 1
condamnée; 1
jugeant; 1
dénié; 1
rappelle; 1
ambitieux; 1
plaise; 1
métamorphoses; 2
andromaque; 1
ville; 2
veines; 1
désastre; 2
signe; 3
certificats; 3
sacrements; 1
ignorants; 1
grâce; 15
voudrais; 1
séduite; 1
précipitent; 1
débaptise; 1
démontrée; 1
flammes; 1
endurcit; 1
caïphe; 1
repoussé; 1
aveugle; 1
dieux; 3
visé; 1
moitié; 4
garçon; 1
pleurent; 1
iroquois; 1
decroix; 1
sabre; 1
courroie; 1
chasse; 2
inquiéter; 1
courant; 2
réception; 3
nouveau; 2
rassembler; 1
elles; 1
bossuet; 1
mouillés; 3
trouvèrent; 1
dessus; 3
doit; 7
bienfaitrice; 2
voyageur; 2
mouvements; 4
accepta; 1
approuve; 1
réduite; 1
torrent; 1
adverse; 1
songe; 1
trovander[8; 1
outrages; 1
consolait; 1
insinua; 1
allait; 7
voient; 2
cherchent; 1
jure; 1
adversité; 1
aider; 1
promettre; 1
vois; 7
livré; 1
comporter; 1
lieutenant; 1
rembarquent; 1
conclut; 2
état; 9
parts; 1
reste; 7
fuyez; 1
linostoles[4; 1
brigandage; 1
consolantes; 1
prononce; 1
plaisent; 1
sentiments; 6
remplie; 2
marié; 1
style; 1
mène; 1
sage; 6
douleur; 9
mortelle; 2
enchaînement; 1
trembler; 1
applaudirent; 1
bibliothèque; 2
déclarèrent; 1
partie; 5
doucement; 1
éviter; 1
calmer; 1
reconnaîtriez; 1
munie; 1
conventus; 1
balle; 1
étrange; 3
rencontrait; 1
parlerai; 2
animait; 1
serez; 3
bayle; 1
encourage; 1
serrure; 1
comprises; 1
conçut; 2
honorée; 1
confession; 2
prieurs; 1
mourants; 1
modestie; 1
tôt; 2
protection; 1
puissances; 1
malice; 1
manuscrit; 1
ferai; 2
dompter; 1
logeait; 2
dedans; 1
mère; 9
sorbonne; 1
écoutez; 1
savant; 2
filles; 6
bailli; 33
vaisseau; 3
accommodant; 1
royaume; 2
sombre; 1
arbres; 1
saint-cyran; 1
armer; 1
rétif; 1
souffrait; 3
manger; 3
éclairent; 1
consulte; 3
commission; 1
geste; 1
promirent; 1
mêmes; 5
bûchers; 1
plaît; 1
recherche; 2
émotion; 2
prive; 2
étonnés; 3
baptême; 13
vogua; 1
jésuite; 19
inconnu; 1
bonjour; 1
discernement; 1
pied; 3
commencements; 1
mécontent; 1
rire; 2
autre; 29
tout; 75
partis; 1
regardant; 1
illustré; 1
créature; 2
collège; 1
pouvons; 1
troublaient; 1
vit; 4
prompt; 2
encore; 39
récita; 1
bretons; 1
magnificence; 2
officier; 5
armées; 3
demandant; 1
confessa; 2
pleurer; 4
bonté; 3
bière; 2
déplora; 1
serait; 17
achever; 1
sais; 6
lutter; 1
garnement; 1
dénoncerai; 1
côte; 3
mettaient; 1
sacrifié; 1
ayant; 15
affront; 1
belles; 5
palpitant; 1
15; 1
venue; 2
jambes; 1
éveillait; 1
hérésie; 1
pastophores; 1
nommez; 2
salon; 2
reconduit; 1
joindre; 1
étouffe; 1
présente; 3
regarde; 3
xii; 1
supposait; 1
adresser; 3
devais; 1
indulgente; 1
soient; 2
précipitation; 1
mandait; 1
beau; 5
comparaison; 1
sortait; 3
—; 11
linquimus; 1
diraient; 2
souffrir; 1
dufresnoy[2; 1
transformés; 2
responsables; 1
maréchaussée; 1
destruction; 2
française; 1
convenir; 2
devraient; 1
étaient; 27
terme; 1
titres; 1
dérobée; 1
disposer; 1
seules; 1
étonnant; 1
domestique; 1
soumettre; 1
correspondaient; 1
fripons; 1
déchira; 2
pendu; 1
avantages; 1
révérend; 9
voir; 20
fénelon; 1
certaine; 1
soumet; 1
sentiment; 6
honnêteté; 1
pouvant; 3
gourmait; 1
aviez; 3
conduites; 1
infortune; 1
forcer; 1
écoute; 1
neveu; 31
saint; 13
tombereau; 1
littérature; 1
loge; 1
assemblage; 1
grecques; 2
famille; 6
servirons; 1
iv; 2
yeux; 23
empereur; 2
atteinte; 1
perdit; 1
ne; 416
alarmer; 1
gibier; 1
conservait; 1
opposent; 1
bientôt; 7
ensevelir; 1
épouse; 5
blanche; 2
tristes; 3
sous-diacre; 9
beau-père; 1
rassuré; 1
peux; 2
conventions; 1
vouloir; 1
baptise; 2
passât; 1
feu[2; 1
âge; 7
année; 3
adultère; 1
arrivait; 1
horreurs; 1
altérée; 1
erratum; 1
univers; 4
sancta; 1
instruisait; 1
dames; 5
poussaient; 1
quel; 4
chrétien; 6
évêque; 14
cadran; 1
vengeait; 1
pourpoint; 1
bruit; 5
amertume; 1
demandé; 1
aimerais; 2
poussa; 2
cervelle; 1
gagne; 1
reposait; 1
malheureux; 10
guinées; 1
chimères; 1
sauvages; 4
amante; 4
vivre; 6
passionnée; 1
criait; 1
raffinés; 1
énorme; 2
attacha; 1
apédeutes[1; 1
mangés; 1
approbation; 1
vite; 5
présenta; 6
servie; 1
basse-bretagne; 17
disgrâces; 2
bat; 1
propre; 6
neuf; 1
colombier; 1
martyr; 1
sûre; 2
inspira; 1
tron; 1
théâtre; 4
zèle; 3
hercule; 7
xvii.elle; 1
chemise; 1
juger; 2
oiseaux; 1
mal; 15
eunuque; 2
plaignit; 1
instruites; 1
comédies; 1
tué; 4
facile; 1
compagnon; 4
comblèrent; 1
élevé; 1
intéressé; 1
méchant; 4
acheva; 2
bravoure; 1
agités; 2
maternel; 1
accueille; 1
fontaine; 1
saurait; 1
gratification; 2
barbarie; 1
amies; 1
question; 3
fer; 1
mode; 5
diable; 2
imposteurs; 1
arrangeait; 1
étend; 1
dignité; 1
déshonorer; 1
trompette; 1
écrivait; 2
coup; 7
aient; 1
cordialité; 2
délicates; 2
soupirant; 1
écriée; 1
déchirements; 1
page; 7
également; 1
fera; 4
tomba; 1
apprivoiser; 1
exigerais; 1
étudia; 1
montrant; 1
milices; 1
prétendait; 1
ici; 16
dépeignait; 1
maréchal; 2
reboire; 1
souvenez; 1
confrère; 2
paraisse; 1
absolument; 3
jansénisme; 2
attentive; 1
nature; 12
pensais; 1
persistait; 1
maîtresses; 3
discordes; 1
précisément; 1
convention; 1
pourrait; 5
dirait; 2
empire; 2
troublée; 1
américains; 1
condamne; 1
couvertes; 1
ruisseaux; 1
racines; 1
londres; 1
souffrons; 1
racontant; 1
premier; 14
pourrez; 1
vingt; 5
dernier; 4
triste; 3
scène; 6
jeunes; 1
commettriez; 1
justinien; 1
jette; 4
misérable; 3
réfugiés; 1
nourri; 1
étala; 1
horriblement; 1
conduira; 1
combattu; 1
ouest; 1
domaine; 1
méritent; 2
nez; 4
prêts; 1
pu; 12
sûrement; 2
abus; 1
augustin; 5
télémachomanie; 1
affreuse; 2
arrachaient; 1
jugea; 1
perça; 1
singularités; 1
ignorant; 2
baptismaux; 1
éclats; 1
épuisé; 1
vérités; 1
premières; 2
fondateur; 1
mlle; 61
emparait; 1
environ; 4
1689; 1
douze; 3
cependant; 6
honnête; 4
ôte; 1
apprends; 2
éclairé; 1
français; 13
éclog; 1
faut; 24
supérieures; 1
absurdités; 1
élever; 1
gallicane; 2
disputent; 1
trahi; 1
eu; 14
partirent; 1
sourirent; 1
jusque; 3
écriait; 1
chrétiennement; 1
acyndinus; 1
assemblée; 3
avaient; 21
animaux; 3
génie; 3
lassé; 1
verse; 1
admirait; 1
ours; 2
renvoyèrent; 1
reprenant; 2
huron[1; 1
oppressée; 1
salutaire; 1
causé; 1
charmé; 1
suivie; 1
constantinople; 2
plurent; 1
prieur; 60
victorieuse; 1
fuyons; 1
redoublait; 3
forcé; 1
frater; 1
chassent[6; 1
après; 2
interroger; 1
compris; 1
particulière; 1
montagne; 19
réparer; 1
virent; 2
tabac; 1
milord; 1
étendu; 1
confesseur; 8
1670; 1
occupée; 2
sut; 2
suffit; 1
tomber; 4
moine; 2
courait; 2
épouvantèrent; 1
jardins; 1
anglicane; 1
peint; 1
honteuse; 1
bienséance; 2
grosse; 1
seul; 11
persécutent; 1
recommanda; 1
touché; 3
mît; 2
trouvez; 1
souhaits; 1
soleils; 1
détournait; 2
effaroucher; 1
démêlait; 1
posséder; 1
abandonner; 1
seize; 1
désennuya; 1
voltaire; 9
attendrie; 1
oreilles; 3
devenait; 2
secours; 2
jusque-là; 1
pourraient; 1
jeune; 28
changer; 2
descendez; 1
roman; 1
confondre; 1
remplissent; 1
reliées; 1
excédé; 1
convertis; 1
part; 2
crimes; 1
vivrez; 1
babel; 1
racine; 1
sentant; 1
bélisaire; 3
saisit; 2
extrêmes; 1
péché; 8
bénédiction; 2
nu; 2
enfin; 39
œuvre; 1
orné; 1
augmenté; 1
sépulture; 1
rentrer; 1
rendirent; 1
monte; 1
aise; 5
partant; 1
heureuse; 2
punit; 1
catholique; 1
sœur; 27
chagrins; 1
fortes; 1
pris; 4
modéra; 1
rance; 2
né; 5
gens; 19
amusants; 1
pénétrée; 1
pervers; 1
langue; 9
exercé; 1
fripon; 1
fluide; 1
verrai; 2
apparemment; 2
trempe; 1
plaignait; 3
but; 2
eue; 1
or; 2
suivez; 1
interrogeait; 2
horrible; 5
saules; 2
fatale; 1
parcouru; 1
espèces; 1
xvi.elle; 1
honneur; 9
important; 1
répandues; 1
dîner; 4
peuvent; 4
désirs; 1
cent; 10
secrètement; 2
outrage; 1
phrygien; 1
lièvre; 2
rassemblée; 1
jésuites; 8
épaisse; 1
commencèrent; 1
heures; 4
tirait; 1
confondit; 1
épousât; 1
fable; 1
ânon; 1
rare; 1
bourbier; 1
honnêtement; 2
user; 1
pièges; 2
remarqué; 4
cimetière; 1
outragée; 1
foule; 5
maîtresse; 19
trente; 1
profondes; 3
personnes; 2
ignoré; 1
caresse; 1
gouvernante; 1
avoua; 1
comédie; 1
contenait; 1
sombres; 1
bienséances; 1
baignait; 1
furent; 8
aimez; 2
éclaira; 1
entreprendre; 1
respectent; 1
concomitant; 1
consterné; 2
héros; 1
conduisait; 2
acceptai; 1
inexprimable; 1
bronze; 1
pécheur; 1
paternel; 1
impertinentes; 1
exercées; 1
portent; 3
hermine; 1
retourne; 1
soins; 2
fait; 64
brimborion; 1
église; 5
intérêt; 2
fatal; 2
jettent; 1
marillac; 1
baissant; 1
punie; 1
mit; 8
résiste; 2
interdit; 1
vignes; 1
refus; 2
boucles; 3
ange; 1
lisait; 2
jetèrent; 2
catholiques; 1
refuserez; 1
enfuyait; 1
quatrièmement; 1
pays; 21
enlève; 1
apôtre; 1
passer; 1
rassurèrent; 1
huguenot; 1
éprouve; 1
officiers; 2
morceaux; 2
clio; 1
ajoutèrent; 1
prémices; 1
exprimaient; 1
entendement; 3
examinait; 1
sandales; 1
joues; 1
dit; 100
éperdue; 4
difficulté; 3
pièces; 5
croyait; 3
attachantes; 1
frappèrent; 1
exigeait; 1
empereurs; 1
outreman; 1
habitait; 1
dunstan[1; 1
médiocre; 1
attendri; 4
protecteur; 3
ainsi; 25
remarqua; 2
destinant; 1
fréquemment; 1
emportement; 1
plum; 1
inconnue; 2
annonce; 1
seconde; 1
innocentxi; 1
chine; 1
gagner; 1
formalité; 1
légers; 1
rapidement; 1
regards; 5
mathématiques; 1
faculté; 1
souverains; 1
six; 6
quarante; 2
mêlez; 1
fou; 2
emploie; 1
ferez; 3
bas-breton; 7
pathétique; 1
surprise; 3
xvii; 2
protestants; 2
enfonçait; 1
côtes; 3
compatissant; 1
mobile; 1
louisxiv; 5
gravait; 1
baptisés; 1
ensemble; 5
rendus; 1
satisfaction; 1
abri; 1
considérable; 3
seconda; 1
entends; 2
riaient; 1
animée; 1
coq; 1
saillie; 1
premiers; 2
presser; 1
retour; 1
conversion; 1
commun; 3
sensible; 3
décorations; 1
gouverné; 1
vivants; 1
conduite; 2
humaine; 1
légitimement; 1
témoins; 1
larges; 1
folie; 1
revenue; 1
façon; 1
effroi; 2
touche; 1
melpomène; 1
haut; 2
allégresse; 2
ayez; 1
succomber; 2
religion; 6
oreille; 1
exemple; 1
coûtait; 1
crois; 5
dégoûtante; 1
avertissait; 1
prenait; 5
excellente; 1
quoi; 3
absence; 1
degrés; 1
choisie; 1
chap; 1
ramassé; 1
peine; 14
oublierai; 1
choquée; 1
respecte; 1
cherchaient; 1
épouserai; 2
argent; 6
semence; 1
frappa; 1
viennent; 2
commencé; 2
bienfaits; 2
allumé; 1
dernière; 1
préféra; 1
violente; 1
sofa; 1
raisons; 1
lendemain; 7
tourmentait; 1
voyageait; 1
refusée; 1
remplir; 1
auprès; 2
hirondelle; 1
confondent; 1
discrète; 1
surtout; 8
épaule; 1
vous; 7
résolut; 2
philosophie; 3
pourtant; 2
aie; 1
confidente; 3
chaleur; 1
rome; 1
prédécesseurs; 1
trésor; 1
attendu; 3
particulières; 1
ressource; 1
veut; 7
ii; 1
vider; 1
êtres; 2
personne; 20
contempler; 2
nés; 1
amie; 16
attachement; 1
troisième; 3
princesses; 1
renonçait; 1
résigner; 2
parliez; 3
entassait; 1
établissements; 1
naissante; 1
tourments; 1
sacrifierait; 1
genoux; 5
contemplation; 2
lois; 5
poussée; 1
abominable; 1
cerveau; 1
penseront; 1
imagination; 2
dictionnaire; 1
sommes; 7
baigné; 1
succès; 1
profonde; 4
calme; 2
ecclésiastique; 1
oh; 2
accourus; 1
bourse; 4
penseraient; 1
abominables; 1
blesse; 1
languissait; 1
éclater; 1
1674; 1
sages; 2
songes; 1
expéditif; 1
fièvre; 2
soleil; 3
exposé; 2
déjà; 11
vouliez; 2
théodat; 1
seigneur; 1
gros; 1
derrière; 1
détournèrent; 1
produire; 2
asservissait; 1
pleurerai; 1
silence; 3
bonhomme; 6
gracieux; 1
informait; 1
différents; 1
milliards; 1
curiosité; 4
ferma; 1
amants; 7
sang; 7
prières; 3
arrive; 9
oisiveté; 1
plaignaient; 1
étonnait; 1
dépouillant; 1
chocolat; 1
lesdiguières; 1
cosi; 1
dormir; 2
commencement; 2
bolingbroke[6; 1
poëtes; 1
promenait; 1
tragédies; 2
coin; 3
inintelligibles; 1
physique[6; 1
bâtiment; 1
baisser; 1
bénite; 1
êtes; 11
prendre; 6
développe; 2
très; 30
idolâtre; 1
galerie; 1
arguments; 1
salut[2; 1
courageuse; 1
consistait; 1
jeter; 3
couraient; 3
custos; 1
mienne; 2
faibles; 1
donc; 29
formosior; 1
pénétrés; 1
peintres; 1
réveillant; 1
secte; 1
tombées; 1
alexandre; 4
derniers; 2
nations; 4
expressif; 1
semblable; 1
fussent; 2
devoir; 6
déclaré; 3
canaille; 1
elle; 5
conta; 1
fabriquaient; 1
louanges; 1
adressa; 1
pousse[1; 1
anciens; 3
étudié; 1
tentée; 1
accablent; 1
»; 54
appartement; 3
persécuteurs; 2
fastidieux; 1
rapportées; 1
charmes; 2
cheval; 1
contrecarrer; 1
entrecoupés; 1
rapport; 1
été; 46
osait; 2
mariage; 7
rassura; 2
renfermées; 1
histoires; 2
trovander; 1
admire; 1
boire; 3
antilles; 1
hôtesse; 1
détourne; 1
paye; 1
répugnance; 1
attendrissaient; 2
fière; 1
avouer; 1
adoucir; 1
vu; 8
tourna; 1
fatigués; 1
rendait; 3
laissez; 1
proclamé; 1
anime; 1
charge; 1
disaient; 3
quatorze; 1
chrétien[2; 1
rejeta; 1
marraines; 1
objet; 3
éloges; 1
amèrement; 1
probité; 1
attendrissait; 1
répondent; 1
amérique; 3
amertumes; 1
nomma; 1
titre; 3
pure; 1
auront; 1
excès; 1
beauté; 4
moyen; 1
sortir; 5
consultée; 1
aies; 1
prendrons; 1
tendrement; 1
ouvert; 2
1669; 2
prépuce; 1
coiffes; 1
diables; 1
répondu; 1
cri; 3
repas; 1
chevaux; 2
accepter; 1
bénissant; 1
ravissait; 1
révoqué; 1
1404; 1
rodogune; 1
revenus; 1
tresses; 1
prélat[1; 1
combats; 1
dévora; 1
incognito; 1
testament; 2
découvertes; 1
libertin; 1
richelieu; 1
jeanii; 1
lieue; 1
violent; 2
entretiens; 1
assez; 12
rhum; 1
ennuya; 1
dire; 14
moqué; 1
notre-dame; 10
rencontré; 1
empressements; 2
reconnaître; 2
décide; 1
animal; 1
lus; 1
équipage; 2
livrait; 1
longueur; 3
obscures; 3
affaissée; 1
appelez; 1
applaudira; 1
conséquences; 1
affligée; 1
épargna; 1
ciel; 3
signée; 1
beaucoup; 23
énormité; 1
obtenu; 2
chère; 10
attends; 1
baissait; 2
borne; 1
camarades; 1
offrit; 1
envoie; 1
retentissait; 1
salut; 1
fis; 1
milieu; 6
ris; 1
volume; 3
aigles; 1
injustice; 2
dominer; 1
tristement; 1
consentement; 3
romans; 3
coutume; 3
sciences; 2
eus; 1
humain; 4
trompent; 1
près; 3
devoirs; 1
fût; 10
amitié; 6
victimes; 2
élança; 1
resserrées; 1
reprochait; 1
adressant; 1
ingénu; 153
traductions; 1
péchés; 2
espérons; 1
dix; 2
croix; 1
maisons; 1
mêler; 1
deviner; 3
lut; 3
inconstants; 1
pentateuque; 1
demandaient; 1
faisait; 12
rende; 2
attirèrent; 2
ingrat; 2
chose; 12
délivrance; 3
rivière; 5
assaillant; 1
réduire; 2
nuage; 1
venir; 15
ajustement; 1
interposer; 1
ennemi; 2
oublié; 1
croisées; 1
assuré; 1
demanderait; 2
rassemblés; 3
jolie; 3
réparé; 1
prodige; 1
décente; 1
opérations; 1
non; 14
conseilla; 1
exhorta; 1
saint-florentin; 1
expressions; 1
pratique; 1
924; 1
m; 22
parvint; 1
202; 1
bout; 4
loger; 1
due; 2
certain; 3
huronne; 5
reçut; 2
fasse; 4
science; 2
enseveli; 1
poursuivent; 1
devaient; 1
choisirais; 1
aventure; 5
conception; 1
réponse; 3
resta; 4
épouser; 11
confits; 1
baie; 3
phrase; 1
chanté; 1
soupirs; 1
infidèle; 1
releva; 2
peu; 31
dangers; 1
bûchers[3; 1
médiocres; 1
dieu; 27
quesnel[1; 1
rappellent; 1
grandeur; 1
abordé; 1
occupaient; 1
rappela; 2
perfectionnait; 1
cave; 1
maître; 4
sacrées; 1
arrêtez; 1
fortune; 5
vais; 4
exprimer; 1
aimerait; 1
hérétiques; 1
florissante; 1
langeac; 1
fugitives; 1
vanité; 1
paroisse; 1
absurdité; 1
mettrait; 2
vies; 1
assistants; 2
courte; 2
plongés; 1
douce; 1
étouffé; 2
soulage; 2
attristèrent; 1
trahir; 2
exercer; 1
cabinet; 3
soutenir; 1
connaissait; 4
nommait; 1
formée; 2
miracles; 1
peau; 2
latin; 3
étendent; 1
tuer; 6
sortirent; 1
viii; 1
huron[5; 1
revenir; 1
compassion; 1
ouvrages; 1
apporta; 2
boîte; 1
affidées; 1
baissèrent; 1
félicité; 2
affectueusement; 1
huguenote; 1
grand; 27
ton; 2
arrivèrent; 1
enchanta; 1
tantes; 1
naître; 3
troupe; 1
fonds; 1
labyrinthe; 2
trembla; 1
productions; 1
issue; 1
plaisait; 2
favori; 2
matière; 2
comprends; 1
cher; 18
introduits; 1
bois; 1
cérémonie; 5
conté; 2
roues; 1
occupé; 2
menton; 2
modestement; 1
louvois; 10
informations; 1
monsieur; 36
interrompt; 1
clairement; 2
athées; 1
honnêtes; 4
condamnèrent; 1
admira; 1
éprouvant; 1
salomon; 1
tirant; 3
vole; 3
plaire; 2
opéras; 1
passions; 2
intervalles; 1
accompagnait; 1
parents; 10
incertitude; 1
convint; 1
angleterre; 12
morte; 1
perdue; 3
lisez; 1
préférence; 2
pères; 1
pupille; 1
arbitre; 1
sauvage; 3
oppression; 1
déserte; 1
sera; 6
noce; 2
puis; 4
devez; 2
vraisemblable; 2
fusil; 2
donnèrent; 1
aiguillon; 1
moderne; 1
grades; 1
puissent; 1
conjectures; 1
distinguât; 1
éclairaient; 1
dispositions; 2
livres; 6
belle; 56
événements; 2
bâton; 1
nation; 3
persuadés; 1
540; 1
empêchez; 1
femme; 13
effrénée; 1
repoussés; 1
coulait; 1
v; 1
hardes; 1
troubler; 1
regardez; 1
sus; 1
victime; 1
déclamât; 1
galanterie; 1
vrai; 5
commettrait; 1
thomistes; 1
confuse; 3
fortifiait; 1
craintes; 2
punira; 1
terrain; 2
œil; 1
tailleur; 1
poussait; 1
époux; 1
origine; 1
évidemment; 1
légèrement; 2
frivole; 1
consternation; 1
jouirait; 2
douloureuse; 1
cinquante; 7
enchaîne; 1
vin; 3
ténèbres; 1
accorderait; 1
prieuré; 6
charme; 2
senti; 1
émouvait; 1
portière; 1
entraient; 1
portaient; 3
vils; 1
aperçois; 2
piller; 1
contenir; 2
simple; 4
béni; 1
neuve; 1
entendu; 9
ravageraient; 1
hostilités; 1
ajoutait; 3
mons; 7
voiture; 3
approuvèrent; 1
confessé; 1
oppressé; 1
troublé; 1
courtisan; 1
saints[2; 1
avertissement; 1
parlait; 7
semblait; 3
quesnel; 2
voit; 4
corps; 10
chérit; 1
corrompaient; 1
desseins; 2
signes; 1
permis; 2
feignit; 1
embrassait; 1
toilettes; 1
accroire; 1
réellement; 1
excuser; 1
confessionnal; 1
inconnus; 1
consulter; 4
laissé; 3
défaillance; 1
quinze; 1
envie; 3
unis; 1
rabelais; 2
valeur; 1
importun; 1
soixante; 1
lumière; 6
voulu; 3
naïvement; 1
augmente; 1
refusé; 3
fraîcheur; 1
pitié; 4
pleura; 2
encouragea; 1
adroitement; 1
redevables; 1
coucher; 2
souciant; 1
lurent; 1
conversations; 1
dis; 1
fesansaguet; 2
bêtes; 2
propose; 1
rohault; 1
hémisphère; 1
appartenir; 1
combien; 4
places; 2
jusqu’; 8
pensé; 1
plût; 1
entourée; 1
dégagée; 1
ouvrir; 1
sortiras; 1
repris; 2
va; 5
conclurent; 2
aperçut; 3
petite; 5
brûlant; 1
oser; 1
juste; 4
donne; 8
donner; 6
lançait; 1
vieillesse; 2
heure; 6
procédé; 2
épouvantable; 1
raisonner; 3
tel; 2
vastes; 1
délivré; 1
présentait; 2
passés; 1
siège; 2
rencontrer; 2
valet; 1
prince; 3
sent; 2
signés; 1
retomber; 1
convent; 1
guerre; 9
souvenaient; 1
actes; 1
considérés; 1
société; 1
écoutait; 1
mme; 7
tartuffe; 1
empêché; 1
ouvrage; 2
soutint; 1
demi-heure; 2
anglaise; 3
physionomie; 1
siècle[2; 1
légères; 1
piqué; 2
croire; 4
prudence; 1
portait; 3
1140; 1
attachaient; 1
su; 3
lâché; 1
abacaba; 7
côté; 5
iniquités; 1
excuses; 1
haute; 1
seriez; 2
purent; 2
tableau; 1
indigne; 1
douzaine; 1
moquez; 1
pense; 8
miracle; 1
tournant; 1
fléchir; 1
tristesse; 2
dureté; 1
refusera; 1
perdu; 3
recevons; 1
arrivant; 1
assurèrent; 1
serré; 1
expliqua; 2
entendait; 2
discours; 6
dulcia; 1
vivant; 2
introduirait; 1
fit; 29
dangereux; 2
fois; 18
rendez; 1
daignerait; 1
participante; 1
berçait; 1
deum; 1
misère; 4
retrouverons; 1
aida; 1
ouverts; 2
25; 1
fidèle; 1
maintenon; 1
connaît; 1
trompé; 3
façons; 1
connut; 1
arriva; 2
méprise; 1
amené; 2
entraîne; 2
infernaux; 1
ramena; 1
passée; 1
habiller; 1
hommes-là; 1
cinna; 1
pensèrent; 1
prêtre; 4
singes; 1
opinions; 1
partagée; 1
iole; 1
hémisphères; 1
ci; 3
publiait; 1
trahissant; 1
cap; 1
égypte; 2
trompaient; 1
excréments; 1
admis; 1
désespoir; 5
enlever; 3
jugèrent; 1
braves; 2
«; 56
développement; 1
imagine; 2
rappelaient; 2
indifférent; 2
criaient; 1
noir[4; 1
mer; 5
entendre; 6
expédition; 1
reconnu; 2
adore; 3
souvenait; 2
servirai; 1
perdant; 1
effort; 1
vie; 28
dois; 2
vécu; 2
crains; 1
dût; 1
belle-sœur; 3
divinité; 1
action; 1
vaudrait; 1
viii.le; 1
baron; 3
traita; 1
violents; 1
deviné; 1
intitulé; 1
mœurs; 2
courrier; 3
prolongeait; 1
éprouvait; 1
croiront; 1
siècle; 3
attentat; 1
rient; 1
luire; 1
te; 1
quoiqu’; 1
pensait; 2
rayonnait; 1
humaines; 1
détails; 2
mesdames; 1
appris; 7
déchirée; 1
repartit; 1
témoigna; 1
appelait; 1
confirmait; 1
eut; 22
imagina; 1
courbé; 1
ressasse; 1
étonnement; 5
emportant; 1
couché; 1
retenir; 2
prononçant; 1
déshonneur; 1
1685; 1
puisse; 3
avenir; 1
empires; 1
arrêtait; 1
iv.le; 1
456; 1
délibéra; 1
fille; 15
observé; 1
fausses; 1
accompagnée; 1
difficultés; 1
secourir; 1
éminence; 2
saisissant; 1
frappent; 1
englouti; 1
personnages; 2
réconciliait; 1
manche; 1
parbleu; 1
objets; 1
boîtes; 1
affaiblie; 2
saint-antoine; 1
france; 14
vigoureux; 3
croyant; 2
étant; 6
presque; 13
promenant; 1
tête; 10
néant; 1
raison; 10
persuadé; 1
goguenards; 1
plongées; 1
frappe; 1
dévote; 8
fait[1; 1
femmes; 8
dévoraient; 1
désir; 2
veillé; 1
citoyens; 1
voile; 3
louis; 1
forment; 1
remercia; 1
doute; 4
craindre; 2
fonts; 3
promit; 3
épousiez; 1
lieues; 8
pigeons[1; 1
services; 4
veux; 12
paisibles; 1
hurons; 11
pria; 4
font; 14
supérieur; 1
forma; 1
aimable; 2
mettait; 2
opération; 3
protestant; 1
louait; 1
délivre; 2
canada; 7
saturne; 1
n; 1
autrement; 3
première; 6
maudits; 2
refusa; 3
voulurent; 4
traiter; 1
bénéfices; 2
immédiat; 1
indique; 1
tombante; 1
auteur; 9
espère; 2
tremblante; 3
servait; 1
reverrai; 1
griefs; 1
pieux; 1
tirée; 1
rougit; 3
atteindre; 2
renferme; 1
donnât; 1
malades; 1
proposait; 2
paraît; 6
prétendu; 1
tenant; 1
sensation; 1
mélancolie; 1
occasion; 1
naturel; 8
adorons; 1
auxquelles; 1
exige; 1
épouvantée; 2
1681; 1
ayons; 2
rapide; 1
marauds; 1
admiration; 3
pourrons; 1
malheur; 15
bien; 71
morne; 1
abandonnons; 1
sorte; 2
magnanimité; 1
cachées; 1
commença; 1
acclamations; 1
violemment; 1
tome; 7
spectacle; 4
partage; 1
tâchait; 1
fort; 23
repoussait; 1
prêt; 2
assurément; 4
gaieté; 1
menez; 1
passé; 7
approuva; 1
endroit; 1
pousse; 2
tiers; 1
agrément; 1
visé[7; 1
reverrez; 1
distractions; 1
tant; 31
sots; 2
gardait; 1
entretien; 2
voitures; 1
apprendre; 6
songea; 1
relation; 1
possibles; 1
damne; 1
mauléon; 1
basse-brette; 2
voluptueux; 1
peur; 3
rouen; 1
radoucit; 1
pastophores[6; 1
déjeuner; 2
pourra; 1
avantage; 3
réflexions; 6
patience; 1
lion; 1
insensibilité; 1
parlent; 2
rompu; 1
opinion; 1
espèce; 4
inconstance; 1
remplissait; 1
laissait; 3
supporter; 1
plumitif; 2
dons; 1
émouvoir; 1
trop; 14
tremblantes; 1
signées; 1
use; 2
accusait; 1
xv; 1
oublier; 2
universel; 1
sagar; 1
courir; 2
partent; 1
route; 1
chargée; 2
divers; 1
affaires; 8
parlèrent; 1
habits; 3
vêtus; 1
enivrée; 1
barbades[4; 1
arriver; 1
huns; 1
prosper; 1
connaissance; 1
tranquille; 1
dévorait; 1
vive; 4
imaginé; 1
monarque; 2
allons; 2
front; 3
voyagé; 1
dédaigne; 1
crut; 5
frais; 2
remplit; 1
dispute; 1
tailles; 1
richard; 2
sache; 1
étincelants; 1
1767; 3
prodigieux; 2
carrosse; 4
continua; 1
mémoire; 3
demeurer; 1
crièrent; 1
quittant; 1
détestable; 2
égal; 1
fonda; 1
brûlante; 1
faisant; 1
las; 1
lit; 9
branches; 1
présenter; 1
général; 1
beaux; 3
effet; 13
mesures; 1
royal; 1
avis; 1
rétréci; 1
prierai; 1
augmentaient; 1
appelle; 5
tranquillement; 1
fruit; 1
lassitude; 1
espaces; 1
siècles; 6
accourt; 1
nôtre; 1
magnifiquement; 1
ix.arrivée; 1
mener; 2
mots-là; 1
retenu; 1
dessein; 2
auparavant; 6
liberté; 14
maudissait; 1
receveur; 1
impitoyable; 1
basse; 1
nécessaire; 3
mirent; 1
vigueur; 1
combat; 5
embarqua; 1
gardes; 2
manquèrent; 1
admirant; 1
clin; 1
venait; 2
renvoyer; 2
disputa; 3
lueur; 1
estimait; 1
passaient; 1
passage; 2
mourons; 1
grecs; 1
récits; 1
hommes; 30
bas; 3
tenaient; 1
larmes; 16
imparfaite; 1
avons; 6
jansénistes; 1
emploi; 2
parla; 4
résistance; 1
trouver; 6
douta; 3
agréments; 1
désespéraient; 2
ennemis; 2
oncles; 1
guichet; 1
grasse; 1
quelque; 1
essuya; 1
cédèrent; 1
sept; 3
semaines; 1
amant; 36
fougue; 1
affectionné; 1
prennent; 2
daignèrent; 1
1775; 2
supérieure; 1
obtenir; 3
éditions; 8
approcher; 2
rue; 1
village; 1
coulèrent; 1
illustre; 1
moments; 3
nouveaux; 2
plaint; 1
sortes; 1
fortifié; 1
manifeste; 1
fut; 48
convaincu; 1
considération; 2
garçons; 1
mademoiselle; 13
partit; 2
ancien; 1
amour; 15
briller; 1
bénissait; 1
sont; 48
rougissait; 1
forfaits; 1
grande; 16
aventures; 6
engager; 1
bulle; 1
finir; 1
mangée; 3
remords; 3
trou; 1
cris; 8
1671; 1
fondés; 1
voisinage; 4
rend; 2
luit; 1
pharon; 1
volontés; 1
rebuta; 1
passait; 1
arrière-cabinet; 2
percèrent; 1
exécutent; 1
retourna; 4
antiquité; 1
où; 2
musicien; 1
faisaient; 2
versa; 2
manteau; 1
pouvaient; 2
éclaire; 2
galanteries; 1
comptaient; 2
brave; 6
extrêmement; 4
trompera; 1
expédierais; 1
treizième; 1
tiens; 1
unigenitus; 1
connais; 1
esquisse; 1
réprimer; 1
battit; 1
escadre; 1
permettait; 1
emparaient; 1
plupart; 3
chinois; 1
geôliers; 1
débarque; 1
même; 35
lisaient; 2
citer; 1
choses; 4
accusateurs; 1
puissant; 3
extase; 1
genre; 3
conte; 1
fussiez; 1
barres; 1
pensées; 1
apparitions; 1
condamné; 2
écrit; 4
grandes; 7
intéressent; 1
attitude; 1
fiers; 1
livre; 15
algonquin; 3
tels; 2
élargissement; 3
tante; 19
accablé; 1
morbleu; 1
précautions; 1
désolée; 2
rose; 1
morts; 2
parée; 1
amène; 1
p; 26
intéressaient; 1
exposa; 2
droit; 4
mazarin; 1
déguisé; 1
peut-être; 12
infortunée; 1
fallut; 5
désespéré; 1
pièce; 3
modeste; 1
proconsulat; 1
mercenaires; 1
nulle; 1
quartiers; 1
précieux; 2
romains; 1
vertige; 1
éclairait; 1
moucherons; 1
curieuse; 1
opéra; 1
idées; 8
droits; 3
coiffeuse; 1
poissons; 1
fardeau; 1
infortunes; 4
quels; 1
sensations; 1
dominante; 1
fabuleuses; 1
courante; 1
opiniâtreté; 1
admiraient; 1
cents; 4
soupé; 3
table; 8
i; 2
moment; 11
sanglante; 1
marseillais; 1
actif; 1
contraire; 2
reconnut; 4
naufrage; 1
henriade; 1
fusse; 1
critique; 2
vécut; 1
baptiser; 10
épître; 1
tireront; 1
enfants; 2
mots; 10
réponds; 1
machine; 2
rendis; 1
transplantés; 1
café; 1
réjouir; 1
catéchumène; 1
plongé; 4
devenu; 4
sauvé; 2
manque; 1
1695; 1
caché; 2
étendue; 3
persécute; 1
plaisirs; 1
noir; 1
pareil; 1
éprouvé; 1
jeta; 5
couperait; 1
philosophes; 3
xv.la; 1
intelligible; 1
mettre; 11
vertus; 1
oubliés; 1
vigne; 1
demandez; 1
frisson; 1
gravité; 1
île; 1
aimait; 11
reines; 1
amiral; 5
parti; 8
épuraient; 1
ministère; 2
amusements; 1
naïf; 1
revoir; 3
expirer; 1
perfide; 1
haletant; 1
retournez; 1
provinciale; 1
répondit; 18
sourire; 1
prémotion; 1
coûte; 1
flamme; 1
breton; 5
instruit; 3
tuteur; 1
faire; 46
douces; 2
révérends; 1
saut; 1
personnage; 2
manquer; 1
ministres; 4
avança; 1
garde; 12
témoigné; 1
quoique; 3
ajusta; 1
prisonnier; 4
priait; 1
donna; 6
secs; 1
mettent; 1
occupait; 1
concevait; 1
visitent; 1
espion; 5
auteurs; 1
taille; 1
voyais; 1
pâlit; 2
abbé; 39
ravi; 1
hardie; 1
distrait; 1
altération; 1
secret; 5
sabbatin; 1
récitent; 1
combattit; 1
signifiât; 1
utile; 2
accompagner; 1
convertissait; 2
pourvu; 1
montra; 2
fermeté; 4
ruisseau; 1
prie; 3
promena; 1
annales; 1
poche; 1
perdre; 2
attribue; 1
rougissant; 1
conseil; 2
profondément; 1
malhonnêtes; 1
monstres; 3
respectable; 3
attendaient; 1
sur-le-champ; 3
états; 1
raisonnait; 1
apercevait; 1
étranger; 4
chambre; 11
rigueur; 1
tint; 1
pleurait; 7
parties; 2
expédie; 1
crédit; 7
funeste; 2
circoncision; 1
aussitôt; 2
mené; 1
premièrement; 1
revenu; 1
aîné; 1
songé; 1
soulagent; 1
vaines; 1
favoriser; 1
jeté; 2
insensibles; 1
battre; 3
rendre; 10
conduits; 1
persécutions; 1
irlandais; 1
rencontrés; 1
courage; 8
berceau; 1
attendrissante; 1
eusse; 1
cour; 16
reprit; 2
axiome; 1
jours; 8
repartait; 1
bien-aimée; 1
écrient; 1
ô; 3
efficace; 7
sautèrent; 1
frémissaient; 1
confident; 1
pâleur; 1
régénère; 1
enfui; 1
dépourvue; 1
ministre; 8
enlevé; 3
conversation; 6
fers; 3
acquitta; 1
choix; 1
conducteurs; 1
bisaïeul; 1
heureux; 6
reçues; 1
jardin; 1
bible; 1
toutes; 20
abbés; 1
bénéfice; 5
hurlements; 1
épouvanté; 1
incompréhensible; 2
actuellement; 2
tremblait; 2
barbare; 1
rêve; 1
paroles; 16
espérance; 6
ii.le; 1
armes; 2
fatales; 1
dégoût; 1
entendant; 1
parcourut; 1
exempt; 1
contredit; 2
méditations; 1
eau; 8
bonne; 18
devriez; 1
brevets; 1
rêvant; 1
obligé; 3
maladroitement; 1
couverture; 1
longs; 2
législatrice; 1
suite; 2
tenté; 2
sépara; 1
cachot; 1
approchait; 2
souvent; 7
nom; 15
finissait; 1
redressa; 1
issus; 1
habit; 1
récit; 1
meilleure; 1
porté; 2
courus; 1
converti; 3
sentir; 2
théâtres; 1
reprenne; 2
talisman; 1
répliques; 1
préjugés; 3
témoin; 1
roi; 33
devient; 2
traits; 1
douleurs; 2
connaître; 9
laissera; 1
contribuait; 1
nantes; 2
administré; 1
entendent; 1
sachant; 5
renfermé; 1
bateau; 1
fini; 2
aima; 1
pharaon; 1
flatté; 1
mise; 1
prétexte; 2
souvenue; 1
existence; 1
frein; 1
fît; 3
sottises; 1
accablait; 2
parle; 6
faveur; 1
appui; 1
garda; 2
au-delà; 1
épousait; 1
athalie; 1
cavalerie; 2
désespérée; 2
cruauté; 1
imaginer; 2
denrées; 1
exemples; 1
œufs; 1
épargnes; 1
favorisé; 1
tremblaient; 1
brochures; 1
vaincue; 1
erreur; 3
histoire; 10
physionomiste; 1
embarras; 3
noms; 1
acyndinus[2; 1
serais; 5
prélat; 1
quelques-uns; 1
éternel; 3
embarrassé; 1
souhaita; 1
puissance; 1
amusait; 2
séparer; 1
embarrassait; 1
adoucit; 3
cachet; 7
bord; 4
profond; 1
versé; 1
esprit; 19
orosmade; 1
doctrine; 1
valait; 2
étaler; 1
cinq; 6
semble; 3
sbires; 1
vertueuses; 1
rendez-vous; 2
nommé; 5
xvi; 2
que; 24
linostoles; 1
faits; 2
sanglots; 4
point; 55
tremble; 1
devise; 2
viens; 1
malheureuse; 1
calamités; 2
crime; 5
témoigner; 1
masque; 1
mariée; 1
santé; 1
évident; 2
départ; 1
humeur; 2
accuser; 1
proposition; 2
joncs; 1
offenser; 1
chapitre; 23
fureur; 2
origines; 1
passera; 1
disciple; 1
sain; 1
soupçonne; 1
appartient; 2
unes; 1
irrégularités; 1
parlant; 1
paraissez; 1
lisant; 1
fais; 2
profession; 3
trouve; 3
commençait; 3
acheter; 2
retourné; 1
éclairées; 1
promenaient; 1
; 55
traité; 2
parole; 2
éducation; 4
compatriote; 1
résignation; 1
jouir; 1
reconnaissante; 1
échauffait; 1
porteur; 1
descendit; 1
invisible; 1
admirari; 1
instructive; 2
coquins; 1
convives; 5
intéressant; 1
observait; 1
compagnie; 21
vivez; 2
édit; 4
simplicité; 1
paternelle; 1
réjouit; 1
police; 1
disposition; 1
abbaye; 3
touchait; 1
ajoutant; 1
tard; 1
recommandation; 1
évanouit; 1
entendît; 1
accommoder; 1
bouteille; 3
mien; 1
horreur; 7
entrait; 1
désirait; 1
conviés; 1
croyez; 4
amener; 1
reprenez; 1
fortifiée; 1
allusion; 2
vents; 1
déserteur; 1
troisièmement; 1
noblesse; 1
attendrit; 2
xx; 1
nette; 1
infidélité; 1
province; 9
molière; 2
vilaines; 1
prix; 6
savoir; 8
plaindrai; 1
permission; 4
venaient; 3
supposé; 1
plaça; 1
cupidité; 1
vient; 4
poétique; 1
sainte; 1
rivage; 1
retenue; 1
nourritures; 1
ôter; 1
tue; 2
parler; 17
maux; 1
taya; 1
travail; 1
percé; 1
tend; 1
infini; 2
arva; 1
long; 4
archevêques; 1
eh; 8
destinée; 4
vieillard; 7
probablement; 3
autorité; 1
septentrional; 1
détruire; 1
notaires; 1
plaisant; 1
hôtellerie; 1
confuses; 1
père; 14
accourues; 1
blâmé; 1
astarac; 2
revient; 1
interrogant; 5
enfant; 4
raisin; 1
auraient; 4
arimane[7; 1
entrent; 1
article; 1
confesse; 1
pressé; 1
merveilleusement; 1
formé; 2
candace[1; 1
répandre; 1
mort; 15
françois; 1
cesser; 2
vi.le; 1
grave; 2
remonte; 1
généreuse; 4
connaissiez; 1
brisé; 1
mêlée; 2
mérités; 1
chanvalon; 1
innocence[1; 1
sacré; 1
abandonnez; 1
osaient; 1
promis; 2
formosi; 1
bretonne; 1
europe; 2
bouillante; 1
conditions; 1
revêtue; 1
juda; 1
ressemblent; 1
sens; 13
martial; 1
apprit; 5
triomphe; 2
habilement; 1
suivrait; 1
incapables; 1
thucydide; 1
innocents; 1
captif; 1
xxxvi; 1
récompensa; 1
signifie; 1
barbade; 1
penser; 4
eût; 2
révolté; 1
persécuté; 1
accablement; 1
sentait; 10
laissa; 1
consentit; 1
tartufe; 1
kerkabon; 33
irrésolutions; 1
diminuait; 1
assurant; 1
conduire; 3
empêche; 1
fabricants; 1
visage; 4
éprouvés; 1
raisonnements; 2
joli; 1
ancienne; 3
calamité; 1
patrie; 1
inspiré; 2
poursuivie; 1
descendre; 1
versée; 1
œuf; 1
parer; 1
utilement; 1
moutons; 1
place; 4
sursaut; 1
demanderai; 1
faussetés; 1
accuse; 1
xviii; 3
énergie; 2
projets; 1
joint; 1
embrassa; 1
soustraire; 1
découvraient; 1
autrui; 1
